kommune_bydel_no,kommune_bydel_name,2020-02-26,2020-02-27,2020-02-28,2020-02-29,2020-03-01,2020-03-02,2020-03-03,2020-03-04,2020-03-05,2020-03-06,2020-03-07,2020-03-08,2020-03-09,2020-03-10,2020-03-11,2020-03-12,2020-03-13,2020-03-14,2020-03-15,2020-03-16,2020-03-17,2020-03-18,2020-03-19,2020-03-20,2020-03-21,2020-03-22,2020-03-23,2020-03-24,2020-03-25,2020-03-26
030101,Gamle Oslo,,,,,,,,,,,,,,,,,,,,,,,,,,,,,,67
030102,Grünerløkka,,,,,,,,,,,,,,,,,,,,,,,,,,,,,,59
030103,Sagene,,,,,,,,,,,,,,,,,,,,,,,,,,,,,,47
030104,St. Hanshaugen,,,,,,,,,,,,,,,,,,,,,,,,,,,,,,33
030105,Frogner,,,,,,,,,,,,,,,,,,,,,,,,,,,,,,67
030106,Ullern,,,,,,,,,,,,,,,,,,,,,,,,,,,,,,51
030107,Vestre Aker,,,,,,,,,,,,,,,,,,,,,,,,,,,,,,75
030108,Nordre Aker,,,,,,,,,,,,,,,,,,,,,,,,,,,,,,59
030109,Bjerke,,,,,,,,,,,,,,,,,,,,,,,,,,,,,,26
030110,Grorud,,,,,,,,,,,,,,,,,,,,,,,,,,,,,,24
030111,Stovner,,,,,,,,,,,,,,,,,,,,,,,,,,,,,,30
030112,Alna,,,,,,,,,,,,,,,,,,,,,,,,,,,,,,45
030113,Østensjø,,,,,,,,,,,,,,,,,,,,,,,,,,,,,,63
030114,Nordstrand,,,,,,,,,,,,,,,,,,,,,,,,,,,,,,56
030115,Søndre Nordstrand,,,,,,,,,,,,,,,,,,,,,,,,,,,,,,26
030116,Sentrum,,,,,,,,,,,,,,,,,,,,,,,,,,,,,,3
030117,Marka,,,,,,,,,,,,,,,,,,,,,,,,,,,,,,0
030199,Ukjent Bydel,,,,,,,,,,,,,,,,,,,,,,,,,,,,,,12
1101,Eigersund,,,,,,,,,,,,,,,,,,,,,,,,,,,,,,6
1103,Stavanger,,,,,,,,,,,,,,,,,,,,,,,,,,,,,,87
1106,Haugesund,,,,,,,,,,,,,,,,,,,,,,,,,,,,,,41
1108,Sandnes,,,,,,,,,,,,,,,,,,,,,,,,,,,,,,34
1111,Sokndal,,,,,,,,,,,,,,,,,,,,,,,,,,,,,,2
1112,Lund,,,,,,,,,,,,,,,,,,,,,,,,,,,,,,0
1114,Bjerkreim,,,,,,,,,,,,,,,,,,,,,,,,,,,,,,0
1119,Hå,,,,,,,,,,,,,,,,,,,,,,,,,,,,,,4
1120,Klepp,,,,,,,,,,,,,,,,,,,,,,,,,,,,,,4
1121,Time,,,,,,,,,,,,,,,,,,,,,,,,,,,,,,9
1122,Gjesdal,,,,,,,,,,,,,,,,,,,,,,,,,,,,,,5
1124,Sola,,,,,,,,,,,,,,,,,,,,,,,,,,,,,,10
1127,Randaberg,,,,,,,,,,,,,,,,,,,,,,,,,,,,,,6
1130,Strand,,,,,,,,,,,,,,,,,,,,,,,,,,,,,,7
1133,Hjelmeland,,,,,,,,,,,,,,,,,,,,,,,,,,,,,,0
1134,Suldal,,,,,,,,,,,,,,,,,,,,,,,,,,,,,,0
1135,Sauda,,,,,,,,,,,,,,,,,,,,,,,,,,,,,,3
1144,Kvitsøy,,,,,,,,,,,,,,,,,,,,,,,,,,,,,,0
1145,Bokn,,,,,,,,,,,,,,,,,,,,,,,,,,,,,,0
1146,Tysvær,,,,,,,,,,,,,,,,,,,,,,,,,,,,,,13
1149,Karmøy,,,,,,,,,,,,,,,,,,,,,,,,,,,,,,28
1151,Utsira,,,,,,,,,,,,,,,,,,,,,,,,,,,,,,0
1160,Vindafjord,,,,,,,,,,,,,,,,,,,,,,,,,,,,,,6
1505,Kristiansund,,,,,,,,,,,,,,,,,,,,,,,,,,,,,,8
1506,Molde,,,,,,,,,,,,,,,,,,,,,,,,,,,,,,6
1507,Ålesund,,,,,,,,,,,,,,,,,,,,,,,,,,,,,,20
1511,Vanylven,,,,,,,,,,,,,,,,,,,,,,,,,,,,,,1
1514,Sande,,,,,,,,,,,,,,,,,,,,,,,,,,,,,,1
1515,Herøy (Møre og Romsdal),,,,,,,,,,,,,,,,,,,,,,,,,,,,,,1
1516,Ulstein,,,,,,,,,,,,,,,,,,,,,,,,,,,,,,5
1517,Hareid,,,,,,,,,,,,,,,,,,,,,,,,,,,,,,1
1520,Ørsta,,,,,,,,,,,,,,,,,,,,,,,,,,,,,,5
1525,Stranda,,,,,,,,,,,,,,,,,,,,,,,,,,,,,,0
1528,Sykkylven,,,,,,,,,,,,,,,,,,,,,,,,,,,,,,0
1531,Sula,,,,,,,,,,,,,,,,,,,,,,,,,,,,,,4
1532,Giske,,,,,,,,,,,,,,,,,,,,,,,,,,,,,,3
1535,Vestnes,,,,,,,,,,,,,,,,,,,,,,,,,,,,,,0
1539,Rauma,,,,,,,,,,,,,,,,,,,,,,,,,,,,,,7
1547,Aukra,,,,,,,,,,,,,,,,,,,,,,,,,,,,,,0
1554,Averøy,,,,,,,,,,,,,,,,,,,,,,,,,,,,,,0
1557,Gjemnes,,,,,,,,,,,,,,,,,,,,,,,,,,,,,,0
1560,Tingvoll,,,,,,,,,,,,,,,,,,,,,,,,,,,,,,1
1563,Sunndal,,,,,,,,,,,,,,,,,,,,,,,,,,,,,,2
1566,Surnadal,,,,,,,,,,,,,,,,,,,,,,,,,,,,,,0
1573,Smøla,,,,,,,,,,,,,,,,,,,,,,,,,,,,,,0
1576,Aure,,,,,,,,,,,,,,,,,,,,,,,,,,,,,,0
1577,Volda,,,,,,,,,,,,,,,,,,,,,,,,,,,,,,4
1578,Fjord,,,,,,,,,,,,,,,,,,,,,,,,,,,,,,1
1579,Hustadvika,,,,,,,,,,,,,,,,,,,,,,,,,,,,,,1
1804,Bodø,,,,,,,,,,,,,,,,,,,,,,,,,,,,,,14
1806,Narvik,,,,,,,,,,,,,,,,,,,,,,,,,,,,,,0
1811,Bindal,,,,,,,,,,,,,,,,,,,,,,,,,,,,,,0
1812,Sømna,,,,,,,,,,,,,,,,,,,,,,,,,,,,,,1
1813,Brønnøy,,,,,,,,,,,,,,,,,,,,,,,,,,,,,,0
1815,Vega,,,,,,,,,,,,,,,,,,,,,,,,,,,,,,1
1816,Vevelstad,,,,,,,,,,,,,,,,,,,,,,,,,,,,,,0
1818,Herøy (Nordland),,,,,,,,,,,,,,,,,,,,,,,,,,,,,,0
1820,Alstahaug,,,,,,,,,,,,,,,,,,,,,,,,,,,,,,0
1822,Leirfjord,,,,,,,,,,,,,,,,,,,,,,,,,,,,,,0
1824,Vefsn,,,,,,,,,,,,,,,,,,,,,,,,,,,,,,0
1825,Grane,,,,,,,,,,,,,,,,,,,,,,,,,,,,,,0
1826,Hattfjelldal,,,,,,,,,,,,,,,,,,,,,,,,,,,,,,0
1827,Dønna,,,,,,,,,,,,,,,,,,,,,,,,,,,,,,2
1828,Nesna,,,,,,,,,,,,,,,,,,,,,,,,,,,,,,0
1832,Hemnes,,,,,,,,,,,,,,,,,,,,,,,,,,,,,,0
1833,Rana,,,,,,,,,,,,,,,,,,,,,,,,,,,,,,2
1834,Lurøy,,,,,,,,,,,,,,,,,,,,,,,,,,,,,,0
1835,Træna,,,,,,,,,,,,,,,,,,,,,,,,,,,,,,0
1836,Rødøy,,,,,,,,,,,,,,,,,,,,,,,,,,,,,,0
1837,Meløy,,,,,,,,,,,,,,,,,,,,,,,,,,,,,,1
1838,Gildeskål,,,,,,,,,,,,,,,,,,,,,,,,,,,,,,0
1839,Beiarn,,,,,,,,,,,,,,,,,,,,,,,,,,,,,,0
1840,Saltdal,,,,,,,,,,,,,,,,,,,,,,,,,,,,,,0
1841,Fauske,,,,,,,,,,,,,,,,,,,,,,,,,,,,,,0
1845,Sørfold,,,,,,,,,,,,,,,,,,,,,,,,,,,,,,0
1848,Steigen,,,,,,,,,,,,,,,,,,,,,,,,,,,,,,1
1851,Lødingen,,,,,,,,,,,,,,,,,,,,,,,,,,,,,,0
1853,Evenes,,,,,,,,,,,,,,,,,,,,,,,,,,,,,,0
1856,Røst,,,,,,,,,,,,,,,,,,,,,,,,,,,,,,0
1857,Værøy,,,,,,,,,,,,,,,,,,,,,,,,,,,,,,0
1859,Flakstad,,,,,,,,,,,,,,,,,,,,,,,,,,,,,,0
1860,Vestvågøy,,,,,,,,,,,,,,,,,,,,,,,,,,,,,,1
1865,Vågan,,,,,,,,,,,,,,,,,,,,,,,,,,,,,,2
1866,Hadsel,,,,,,,,,,,,,,,,,,,,,,,,,,,,,,3
1867,Bø,,,,,,,,,,,,,,,,,,,,,,,,,,,,,,0
1868,Øksnes,,,,,,,,,,,,,,,,,,,,,,,,,,,,,,0
1870,Sortland,,,,,,,,,,,,,,,,,,,,,,,,,,,,,,1
1871,Andøy,,,,,,,,,,,,,,,,,,,,,,,,,,,,,,0
1874,Moskenes,,,,,,,,,,,,,,,,,,,,,,,,,,,,,,0
1875,Hamarøy,,,,,,,,,,,,,,,,,,,,,,,,,,,,,,0
3001,Halden,,,,,,,,,,,,,,,,,,,,,,,,,,,,,,5
3002,Moss,,,,,,,,,,,,,,,,,,,,,,,,,,,,,,17
3003,Sarpsborg,,,,,,,,,,,,,,,,,,,,,,,,,,,,,,19
3004,Fredrikstad,,,,,,,,,,,,,,,,,,,,,,,,,,,,,,33
3005,Drammen,,,,,,,,,,,,,,,,,,,,,,,,,,,,,,55
3006,Kongsberg,,,,,,,,,,,,,,,,,,,,,,,,,,,,,,14
3007,Ringerike,,,,,,,,,,,,,,,,,,,,,,,,,,,,,,2
3011,Hvaler,,,,,,,,,,,,,,,,,,,,,,,,,,,,,,0
3012,Aremark,,,,,,,,,,,,,,,,,,,,,,,,,,,,,,0
3013,Marker,,,,,,,,,,,,,,,,,,,,,,,,,,,,,,0
3014,Indre Østfold,,,,,,,,,,,,,,,,,,,,,,,,,,,,,,25
3015,Skiptvet,,,,,,,,,,,,,,,,,,,,,,,,,,,,,,1
3016,Rakkestad,,,,,,,,,,,,,,,,,,,,,,,,,,,,,,0
3017,Råde,,,,,,,,,,,,,,,,,,,,,,,,,,,,,,1
3018,Våler (Viken),,,,,,,,,,,,,,,,,,,,,,,,,,,,,,1
3019,Vestby,,,,,,,,,,,,,,,,,,,,,,,,,,,,,,15
3020,Nordre Follo,,,,,,,,,,,,,,,,,,,,,,,,,,,,,,51
3021,Ås,,,,,,,,,,,,,,,,,,,,,,,,,,,,,,11
3022,Frogn,,,,,,,,,,,,,,,,,,,,,,,,,,,,,,14
3023,Nesodden,,,,,,,,,,,,,,,,,,,,,,,,,,,,,,26
3024,Bærum,,,,,,,,,,,,,,,,,,,,,,,,,,,,,,186
3025,Asker,,,,,,,,,,,,,,,,,,,,,,,,,,,,,,70
3026,Aurskog-Høland,,,,,,,,,,,,,,,,,,,,,,,,,,,,,,2
3027,Rælingen,,,,,,,,,,,,,,,,,,,,,,,,,,,,,,8
3028,Enebakk,,,,,,,,,,,,,,,,,,,,,,,,,,,,,,16
3029,Lørenskog,,,,,,,,,,,,,,,,,,,,,,,,,,,,,,44
3030,Lillestrøm,,,,,,,,,,,,,,,,,,,,,,,,,,,,,,77
3031,Nittedal,,,,,,,,,,,,,,,,,,,,,,,,,,,,,,34
3032,Gjerdrum,,,,,,,,,,,,,,,,,,,,,,,,,,,,,,2
3033,Ullensaker,,,,,,,,,,,,,,,,,,,,,,,,,,,,,,26
3034,Nes,,,,,,,,,,,,,,,,,,,,,,,,,,,,,,7
3035,Eidsvoll,,,,,,,,,,,,,,,,,,,,,,,,,,,,,,20
3036,Nannestad,,,,,,,,,,,,,,,,,,,,,,,,,,,,,,8
3037,Hurdal,,,,,,,,,,,,,,,,,,,,,,,,,,,,,,1
3038,Hole,,,,,,,,,,,,,,,,,,,,,,,,,,,,,,7
3039,Flå,,,,,,,,,,,,,,,,,,,,,,,,,,,,,,1
3040,Nesbyen,,,,,,,,,,,,,,,,,,,,,,,,,,,,,,2
3041,Gol,,,,,,,,,,,,,,,,,,,,,,,,,,,,,,4
3042,Hemsedal,,,,,,,,,,,,,,,,,,,,,,,,,,,,,,7
3043,Ål,,,,,,,,,,,,,,,,,,,,,,,,,,,,,,5
3044,Hol,,,,,,,,,,,,,,,,,,,,,,,,,,,,,,24
3045,Sigdal,,,,,,,,,,,,,,,,,,,,,,,,,,,,,,0
3046,Krødsherad,,,,,,,,,,,,,,,,,,,,,,,,,,,,,,0
3047,Modum,,,,,,,,,,,,,,,,,,,,,,,,,,,,,,3
3048,Øvre Eiker,,,,,,,,,,,,,,,,,,,,,,,,,,,,,,2
3049,Lier,,,,,,,,,,,,,,,,,,,,,,,,,,,,,,13
3050,Flesberg,,,,,,,,,,,,,,,,,,,,,,,,,,,,,,1
3051,Rollag,,,,,,,,,,,,,,,,,,,,,,,,,,,,,,0
3052,Nore og Uvdal,,,,,,,,,,,,,,,,,,,,,,,,,,,,,,1
3053,Jevnaker,,,,,,,,,,,,,,,,,,,,,,,,,,,,,,5
3054,Lunner,,,,,,,,,,,,,,,,,,,,,,,,,,,,,,2
3401,Kongsvinger,,,,,,,,,,,,,,,,,,,,,,,,,,,,,,0
3403,Hamar,,,,,,,,,,,,,,,,,,,,,,,,,,,,,,15
3405,Lillehammer,,,,,,,,,,,,,,,,,,,,,,,,,,,,,,13
3407,Gjøvik,,,,,,,,,,,,,,,,,,,,,,,,,,,,,,7
3411,Ringsaker,,,,,,,,,,,,,,,,,,,,,,,,,,,,,,25
3412,Løten,,,,,,,,,,,,,,,,,,,,,,,,,,,,,,3
3413,Stange,,,,,,,,,,,,,,,,,,,,,,,,,,,,,,2
3414,Nord-Odal,,,,,,,,,,,,,,,,,,,,,,,,,,,,,,0
3415,Sør-Odal,,,,,,,,,,,,,,,,,,,,,,,,,,,,,,8
3416,Eidskog,,,,,,,,,,,,,,,,,,,,,,,,,,,,,,3
3417,Grue,,,,,,,,,,,,,,,,,,,,,,,,,,,,,,0
3418,Åsnes,,,,,,,,,,,,,,,,,,,,,,,,,,,,,,1
3419,Våler (Innlandet),,,,,,,,,,,,,,,,,,,,,,,,,,,,,,1
3420,Elverum,,,,,,,,,,,,,,,,,,,,,,,,,,,,,,5
3421,Trysil,,,,,,,,,,,,,,,,,,,,,,,,,,,,,,0
3422,Åmot,,,,,,,,,,,,,,,,,,,,,,,,,,,,,,1
3423,Stor-Elvdal,,,,,,,,,,,,,,,,,,,,,,,,,,,,,,0
3424,Rendalen,,,,,,,,,,,,,,,,,,,,,,,,,,,,,,0
3425,Engerdal,,,,,,,,,,,,,,,,,,,,,,,,,,,,,,1
3426,Tolga,,,,,,,,,,,,,,,,,,,,,,,,,,,,,,0
3427,Tynset,,,,,,,,,,,,,,,,,,,,,,,,,,,,,,0
3428,Alvdal,,,,,,,,,,,,,,,,,,,,,,,,,,,,,,1
3429,Folldal,,,,,,,,,,,,,,,,,,,,,,,,,,,,,,0
3430,Os,,,,,,,,,,,,,,,,,,,,,,,,,,,,,,0
3431,Dovre,,,,,,,,,,,,,,,,,,,,,,,,,,,,,,1
3432,Lesja,,,,,,,,,,,,,,,,,,,,,,,,,,,,,,0
3433,Skjåk,,,,,,,,,,,,,,,,,,,,,,,,,,,,,,1
3434,Lom,,,,,,,,,,,,,,,,,,,,,,,,,,,,,,0
3435,Vågå,,,,,,,,,,,,,,,,,,,,,,,,,,,,,,1
3436,Nord-Fron,,,,,,,,,,,,,,,,,,,,,,,,,,,,,,6
3437,Sel,,,,,,,,,,,,,,,,,,,,,,,,,,,,,,34
3438,Sør-Fron,,,,,,,,,,,,,,,,,,,,,,,,,,,,,,0
3439,Ringebu,,,,,,,,,,,,,,,,,,,,,,,,,,,,,,4
3440,Øyer,,,,,,,,,,,,,,,,,,,,,,,,,,,,,,0
3441,Gausdal,,,,,,,,,,,,,,,,,,,,,,,,,,,,,,3
3442,Østre Toten,,,,,,,,,,,,,,,,,,,,,,,,,,,,,,3
3443,Vestre Toten,,,,,,,,,,,,,,,,,,,,,,,,,,,,,,2
3446,Gran,,,,,,,,,,,,,,,,,,,,,,,,,,,,,,0
3447,Søndre Land,,,,,,,,,,,,,,,,,,,,,,,,,,,,,,0
3448,Nordre Land,,,,,,,,,,,,,,,,,,,,,,,,,,,,,,0
3449,Sør-Aurdal,,,,,,,,,,,,,,,,,,,,,,,,,,,,,,0
3450,Etnedal,,,,,,,,,,,,,,,,,,,,,,,,,,,,,,0
3451,Nord-Aurdal,,,,,,,,,,,,,,,,,,,,,,,,,,,,,,5
3452,Vestre Slidre,,,,,,,,,,,,,,,,,,,,,,,,,,,,,,0
3453,Øystre Slidre,,,,,,,,,,,,,,,,,,,,,,,,,,,,,,0
3454,Vang,,,,,,,,,,,,,,,,,,,,,,,,,,,,,,0
3801,Horten,,,,,,,,,,,,,,,,,,,,,,,,,,,,,,15
3802,Holmestrand,,,,,,,,,,,,,,,,,,,,,,,,,,,,,,10
3803,Tønsberg,,,,,,,,,,,,,,,,,,,,,,,,,,,,,,18
3804,Sandefjord,,,,,,,,,,,,,,,,,,,,,,,,,,,,,,20
3805,Larvik,,,,,,,,,,,,,,,,,,,,,,,,,,,,,,5
3806,Porsgrunn,,,,,,,,,,,,,,,,,,,,,,,,,,,,,,5
3807,Skien,,,,,,,,,,,,,,,,,,,,,,,,,,,,,,24
3808,Notodden,,,,,,,,,,,,,,,,,,,,,,,,,,,,,,4
3811,Færder,,,,,,,,,,,,,,,,,,,,,,,,,,,,,,19
3812,Siljan,,,,,,,,,,,,,,,,,,,,,,,,,,,,,,0
3813,Bamble,,,,,,,,,,,,,,,,,,,,,,,,,,,,,,2
3814,Kragerø,,,,,,,,,,,,,,,,,,,,,,,,,,,,,,0
3815,Drangedal,,,,,,,,,,,,,,,,,,,,,,,,,,,,,,0
3816,Nome,,,,,,,,,,,,,,,,,,,,,,,,,,,,,,0
3817,Midt-Telemark,,,,,,,,,,,,,,,,,,,,,,,,,,,,,,0
3818,Tinn,,,,,,,,,,,,,,,,,,,,,,,,,,,,,,0
3819,Hjartdal,,,,,,,,,,,,,,,,,,,,,,,,,,,,,,0
3820,Seljord,,,,,,,,,,,,,,,,,,,,,,,,,,,,,,0
3821,Kviteseid,,,,,,,,,,,,,,,,,,,,,,,,,,,,,,0
3822,Nissedal,,,,,,,,,,,,,,,,,,,,,,,,,,,,,,0
3823,Fyresdal,,,,,,,,,,,,,,,,,,,,,,,,,,,,,,0
3824,Tokke,,,,,,,,,,,,,,,,,,,,,,,,,,,,,,0
3825,Vinje,,,,,,,,,,,,,,,,,,,,,,,,,,,,,,0
4201,Risør,,,,,,,,,,,,,,,,,,,,,,,,,,,,,,0
4202,Grimstad,,,,,,,,,,,,,,,,,,,,,,,,,,,,,,1
4203,Arendal,,,,,,,,,,,,,,,,,,,,,,,,,,,,,,16
4204,Kristiansand,,,,,,,,,,,,,,,,,,,,,,,,,,,,,,80
4205,Lindesnes,,,,,,,,,,,,,,,,,,,,,,,,,,,,,,4
4206,Farsund,,,,,,,,,,,,,,,,,,,,,,,,,,,,,,11
4207,Flekkefjord,,,,,,,,,,,,,,,,,,,,,,,,,,,,,,0
4211,Gjerstad,,,,,,,,,,,,,,,,,,,,,,,,,,,,,,0
4212,Vegårshei,,,,,,,,,,,,,,,,,,,,,,,,,,,,,,0
4213,Tvedestrand,,,,,,,,,,,,,,,,,,,,,,,,,,,,,,0
4214,Froland,,,,,,,,,,,,,,,,,,,,,,,,,,,,,,0
4215,Lillesand,,,,,,,,,,,,,,,,,,,,,,,,,,,,,,3
4216,Birkenes,,,,,,,,,,,,,,,,,,,,,,,,,,,,,,3
4217,Åmli,,,,,,,,,,,,,,,,,,,,,,,,,,,,,,1
4218,Iveland,,,,,,,,,,,,,,,,,,,,,,,,,,,,,,1
4219,Evje og Hornnes,,,,,,,,,,,,,,,,,,,,,,,,,,,,,,1
4220,Bygland,,,,,,,,,,,,,,,,,,,,,,,,,,,,,,2
4221,Valle,,,,,,,,,,,,,,,,,,,,,,,,,,,,,,0
4222,Bykle,,,,,,,,,,,,,,,,,,,,,,,,,,,,,,3
4223,Vennesla,,,,,,,,,,,,,,,,,,,,,,,,,,,,,,1
4224,Åseral,,,,,,,,,,,,,,,,,,,,,,,,,,,,,,0
4225,Lyngdal,,,,,,,,,,,,,,,,,,,,,,,,,,,,,,4
4226,Hægebostad,,,,,,,,,,,,,,,,,,,,,,,,,,,,,,1
4227,Kvinesdal,,,,,,,,,,,,,,,,,,,,,,,,,,,,,,1
4228,Sirdal,,,,,,,,,,,,,,,,,,,,,,,,,,,,,,0
460101,Arna,,,,,,,,,,,,,,,,,,,,,,,,,,,,,,4
460102,Bergenhus,,,,,,,,,,,,,,,,,,,,,,,,,,,,,,38
460103,Fana,,,,,,,,,,,,,,,,,,,,,,,,,,,,,,35
460104,Fyllingsdalen,,,,,,,,,,,,,,,,,,,,,,,,,,,,,,20
460105,Laksevåg,,,,,,,,,,,,,,,,,,,,,,,,,,,,,,21
460106,Ytrebygda,,,,,,,,,,,,,,,,,,,,,,,,,,,,,,18
460107,Årstad,,,,,,,,,,,,,,,,,,,,,,,,,,,,,,41
460108,Åsane,,,,,,,,,,,,,,,,,,,,,,,,,,,,,,25
460199,Ukjent Bydel,,,,,,,,,,,,,,,,,,,,,,,,,,,,,,29
4602,Kinn,,,,,,,,,,,,,,,,,,,,,,,,,,,,,,4
4611,Etne,,,,,,,,,,,,,,,,,,,,,,,,,,,,,,4
4612,Sveio,,,,,,,,,,,,,,,,,,,,,,,,,,,,,,2
4613,Bømlo,,,,,,,,,,,,,,,,,,,,,,,,,,,,,,2
4614,Stord,,,,,,,,,,,,,,,,,,,,,,,,,,,,,,3
4615,Fitjar,,,,,,,,,,,,,,,,,,,,,,,,,,,,,,2
4616,Tysnes,,,,,,,,,,,,,,,,,,,,,,,,,,,,,,0
4617,Kvinnherad,,,,,,,,,,,,,,,,,,,,,,,,,,,,,,2
4618,Ullensvang,,,,,,,,,,,,,,,,,,,,,,,,,,,,,,0
4619,Eidfjord,,,,,,,,,,,,,,,,,,,,,,,,,,,,,,0
4620,Ulvik,,,,,,,,,,,,,,,,,,,,,,,,,,,,,,1
4621,Voss,,,,,,,,,,,,,,,,,,,,,,,,,,,,,,20
4622,Kvam,,,,,,,,,,,,,,,,,,,,,,,,,,,,,,2
4623,Samnanger,,,,,,,,,,,,,,,,,,,,,,,,,,,,,,0
4624,Bjørnafjorden,,,,,,,,,,,,,,,,,,,,,,,,,,,,,,12
4625,Austevoll,,,,,,,,,,,,,,,,,,,,,,,,,,,,,,2
4626,Øygarden,,,,,,,,,,,,,,,,,,,,,,,,,,,,,,23
4627,Askøy,,,,,,,,,,,,,,,,,,,,,,,,,,,,,,17
4628,Vaksdal,,,,,,,,,,,,,,,,,,,,,,,,,,,,,,1
4629,Modalen,,,,,,,,,,,,,,,,,,,,,,,,,,,,,,0
4630,Osterøy,,,,,,,,,,,,,,,,,,,,,,,,,,,,,,0
4631,Alver,,,,,,,,,,,,,,,,,,,,,,,,,,,,,,9
4632,Austrheim,,,,,,,,,,,,,,,,,,,,,,,,,,,,,,0
4633,Fedje,,,,,,,,,,,,,,,,,,,,,,,,,,,,,,0
4634,Masfjorden,,,,,,,,,,,,,,,,,,,,,,,,,,,,,,0
4635,Gulen,,,,,,,,,,,,,,,,,,,,,,,,,,,,,,0
4636,Solund,,,,,,,,,,,,,,,,,,,,,,,,,,,,,,2
4637,Hyllestad,,,,,,,,,,,,,,,,,,,,,,,,,,,,,,0
4638,Høyanger,,,,,,,,,,,,,,,,,,,,,,,,,,,,,,2
4639,Vik,,,,,,,,,,,,,,,,,,,,,,,,,,,,,,0
4640,Sogndal,,,,,,,,,,,,,,,,,,,,,,,,,,,,,,6
4641,Aurland,,,,,,,,,,,,,,,,,,,,,,,,,,,,,,0
4642,Lærdal,,,,,,,,,,,,,,,,,,,,,,,,,,,,,,0
4643,Årdal,,,,,,,,,,,,,,,,,,,,,,,,,,,,,,0
4644,Luster,,,,,,,,,,,,,,,,,,,,,,,,,,,,,,3
4645,Askvoll,,,,,,,,,,,,,,,,,,,,,,,,,,,,,,0
4646,Fjaler,,,,,,,,,,,,,,,,,,,,,,,,,,,,,,0
4647,Sunnfjord,,,,,,,,,,,,,,,,,,,,,,,,,,,,,,11
4648,Bremanger,,,,,,,,,,,,,,,,,,,,,,,,,,,,,,0
4649,Stad,,,,,,,,,,,,,,,,,,,,,,,,,,,,,,0
4650,Gloppen,,,,,,,,,,,,,,,,,,,,,,,,,,,,,,2
4651,Stryn,,,,,,,,,,,,,,,,,,,,,,,,,,,,,,8
5001,Trondheim,,,,,,,,,,,,,,,,,,,,,,,,,,,,,,113
5006,Steinkjer,,,,,,,,,,,,,,,,,,,,,,,,,,,,,,6
5007,Namsos,,,,,,,,,,,,,,,,,,,,,,,,,,,,,,1
5014,Frøya,,,,,,,,,,,,,,,,,,,,,,,,,,,,,,0
5020,Osen,,,,,,,,,,,,,,,,,,,,,,,,,,,,,,0
5021,Oppdal,,,,,,,,,,,,,,,,,,,,,,,,,,,,,,6
5022,Rennebu,,,,,,,,,,,,,,,,,,,,,,,,,,,,,,3
5025,Røros,,,,,,,,,,,,,,,,,,,,,,,,,,,,,,0
5026,Holtålen,,,,,,,,,,,,,,,,,,,,,,,,,,,,,,1
5027,Midtre Gauldal,,,,,,,,,,,,,,,,,,,,,,,,,,,,,,4
5028,Melhus,,,,,,,,,,,,,,,,,,,,,,,,,,,,,,3
5029,Skaun,,,,,,,,,,,,,,,,,,,,,,,,,,,,,,4
5031,Malvik,,,,,,,,,,,,,,,,,,,,,,,,,,,,,,2
5032,Selbu,,,,,,,,,,,,,,,,,,,,,,,,,,,,,,2
5033,Tydal,,,,,,,,,,,,,,,,,,,,,,,,,,,,,,0
5034,Meråker,,,,,,,,,,,,,,,,,,,,,,,,,,,,,,0
5035,Stjørdal,,,,,,,,,,,,,,,,,,,,,,,,,,,,,,4
5036,Frosta,,,,,,,,,,,,,,,,,,,,,,,,,,,,,,28
5037,Levanger,,,,,,,,,,,,,,,,,,,,,,,,,,,,,,10
5038,Verdal,,,,,,,,,,,,,,,,,,,,,,,,,,,,,,9
5041,Snåsa,,,,,,,,,,,,,,,,,,,,,,,,,,,,,,0
5042,Lierne,,,,,,,,,,,,,,,,,,,,,,,,,,,,,,0
5043,Røyrvik,,,,,,,,,,,,,,,,,,,,,,,,,,,,,,0
5044,Namsskogan,,,,,,,,,,,,,,,,,,,,,,,,,,,,,,0
5045,Grong,,,,,,,,,,,,,,,,,,,,,,,,,,,,,,2
5046,Høylandet,,,,,,,,,,,,,,,,,,,,,,,,,,,,,,0
5047,Overhalla,,,,,,,,,,,,,,,,,,,,,,,,,,,,,,1
5049,Flatanger,,,,,,,,,,,,,,,,,,,,,,,,,,,,,,0
5052,Leka,,,,,,,,,,,,,,,,,,,,,,,,,,,,,,0
5053,Inderøy,,,,,,,,,,,,,,,,,,,,,,,,,,,,,,3
5054,Indre Fosen,,,,,,,,,,,,,,,,,,,,,,,,,,,,,,1
5055,Heim,,,,,,,,,,,,,,,,,,,,,,,,,,,,,,0
5056,Hitra,,,,,,,,,,,,,,,,,,,,,,,,,,,,,,0
5057,Ørland,,,,,,,,,,,,,,,,,,,,,,,,,,,,,,7
5058,Åfjord,,,,,,,,,,,,,,,,,,,,,,,,,,,,,,1
5059,Orkland,,,,,,,,,,,,,,,,,,,,,,,,,,,,,,6
5060,Nærøysund,,,,,,,,,,,,,,,,,,,,,,,,,,,,,,0
5061,Rindal,,,,,,,,,,,,,,,,,,,,,,,,,,,,,,0
5401,Tromsø,,,,,,,,,,,,,,,,,,,,,,,,,,,,,,50
5402,Harstad,,,,,,,,,,,,,,,,,,,,,,,,,,,,,,1
5403,Alta,,,,,,,,,,,,,,,,,,,,,,,,,,,,,,1
5404,Vardø,,,,,,,,,,,,,,,,,,,,,,,,,,,,,,0
5405,Vadsø,,,,,,,,,,,,,,,,,,,,,,,,,,,,,,2
5406,Hammerfest,,,,,,,,,,,,,,,,,,,,,,,,,,,,,,8
5411,Kvæfjord,,,,,,,,,,,,,,,,,,,,,,,,,,,,,,0
5412,Tjeldsund,,,,,,,,,,,,,,,,,,,,,,,,,,,,,,1
5413,Ibestad,,,,,,,,,,,,,,,,,,,,,,,,,,,,,,0
5414,Gratangen,,,,,,,,,,,,,,,,,,,,,,,,,,,,,,0
5415,Lavangen,,,,,,,,,,,,,,,,,,,,,,,,,,,,,,3
5416,Bardu,,,,,,,,,,,,,,,,,,,,,,,,,,,,,,0
5417,Salangen,,,,,,,,,,,,,,,,,,,,,,,,,,,,,,0
5418,Målselv,,,,,,,,,,,,,,,,,,,,,,,,,,,,,,0
5419,Sørreisa,,,,,,,,,,,,,,,,,,,,,,,,,,,,,,0
5420,Dyrøy,,,,,,,,,,,,,,,,,,,,,,,,,,,,,,0
5421,Senja,,,,,,,,,,,,,,,,,,,,,,,,,,,,,,11
5422,Balsfjord,,,,,,,,,,,,,,,,,,,,,,,,,,,,,,0
5423,Karlsøy,,,,,,,,,,,,,,,,,,,,,,,,,,,,,,0
5424,Lyngen,,,,,,,,,,,,,,,,,,,,,,,,,,,,,,1
5425,Storfjord,,,,,,,,,,,,,,,,,,,,,,,,,,,,,,0
5426,Kåfjord,,,,,,,,,,,,,,,,,,,,,,,,,,,,,,0
5427,Skjervøy,,,,,,,,,,,,,,,,,,,,,,,,,,,,,,1
5428,Nordreisa,,,,,,,,,,,,,,,,,,,,,,,,,,,,,,0
5429,Kvænangen,,,,,,,,,,,,,,,,,,,,,,,,,,,,,,0
5430,Kautokeino,,,,,,,,,,,,,,,,,,,,,,,,,,,,,,1
5432,Loppa,,,,,,,,,,,,,,,,,,,,,,,,,,,,,,0
5433,Hasvik,,,,,,,,,,,,,,,,,,,,,,,,,,,,,,0
5434,Måsøy,,,,,,,,,,,,,,,,,,,,,,,,,,,,,,0
5435,Nordkapp,,,,,,,,,,,,,,,,,,,,,,,,,,,,,,0
5436,Porsanger,,,,,,,,,,,,,,,,,,,,,,,,,,,,,,1
5437,Karasjok,,,,,,,,,,,,,,,,,,,,,,,,,,,,,,0
5438,Lebesby,,,,,,,,,,,,,,,,,,,,,,,,,,,,,,0
5439,Gamvik,,,,,,,,,,,,,,,,,,,,,,,,,,,,,,0
5440,Berlevåg,,,,,,,,,,,,,,,,,,,,,,,,,,,,,,0
5441,Tana,,,,,,,,,,,,,,,,,,,,,,,,,,,,,,0
5442,Nesseby,,,,,,,,,,,,,,,,,,,,,,,,,,,,,,1
5443,Båtsfjord,,,,,,,,,,,,,,,,,,,,,,,,,,,,,,0
5444,Sør-Varanger,,,,,,,,,,,,,,,,,,,,,,,,,,,,,,1
9998,Svalbard,,,,,,,,,,,,,,,,,,,,,,,,,,,,,,0
9999,Ukjent Kommune,,,,,,,,,,,,,,,,,,,,,,,,,,,,,,109
